path,bytes,sha256
.gitattributes,68,b600444da164a5016079d1cef9190a7a2ad3f63dfc5cce544b09b49ed1ad87bc
.gitignore,153,d69a16c6aecb4b8218248323530ea47768055833d56a65601b48c723393df44a
CITATION.md,554,cd57db704f85e9d8cded207f7fcdace251b3484b2e0668d714da604f40d06235
README.md,2284,ff82f511d89f3aab4a7ee225e1e43e66dd8cf6c3da25788607590a4505ce04e6
SOURCE_FILES.csv,47,d5599025a2c72c1d275c1cb2365eb57ba58ff38367950a6d4a8726f093ddd4fc
VALIDATION.json,583,9b2e59316ce082f8f770ad1e819268f97de0ef2c173c7cf083ac592ed5d373e6
data/INPUTS.json,81,f62d368503fd2e0402ee594fc16ba0e0dbab4c53cb762679e68f1d65d0373008
data/README.md,861,73cf30929bdd05e171d3ad518a5539cba889ba7863800f7254f4daf5701aa50e
data/TABLES.csv,80,17e7e43783139e723a2049d64b0d39f533f1667a8db34b21a76d64f4b1161ba4
data/bibliography.csv,14221,91d18a7b4308d8a5cc1c3ff2a0136686da155f7c579f2c31c71c9512cd6b678e
docs/CODE_MAP.md,284,93612894b4aa572088d92039b0857c8a3723739d7f0174d2b902f4dc64558fef
docs/METHODS.md,777,db54b864f8cc4f55a5672365b51172d3c10b6a2d90d502c113a43aa92370e962
docs/REPRODUCING.md,1759,d0ce8a5341fa78d73bc7aa6f668c1190f1cad0cadaca056a315736e237deb643
docs/SOFTWARE.md,396,c57ddd68ec940a1502af46d33c8e763490b61f188bc577b3b3215b48a194563e
reports/Community Restoration and Transformative Approaches to Housing Resilience.md,63974,f358ba514a6f987b1d3a71287dc743094a663f3b77f05ff336a345d5f59b3fee
reports/Interdisciplinary longitudinal academic studies of housing resilience.md,21316,65835de23c7972629aa5ed4ae14f1f7a9d52ffb9eb1aa50ba1ad12b3db8e4db8
reports/Measurement of Housing Resilience in Hazards and Disasters.md,15047,08cc2914a4261624d9a27d3f93dcceee6b20c2d569d63e98d2124db3c2804127
"reports/Technology, Decaying Infrastructure, and Housing Resilience Research.md",34932,6a1911c86eb7eca859606baed9ece6fa87cb6031d77bb87d93f132e29a2b692c
scripts/check_inputs.py,793,cd14763be035aefd8e71f9a1c502e61c011163c50d4cdd011dd2ed4d262d764e
scripts/check_package.py,1297,3ffd5be8d8605aecbd5d7acab52602e1bf825832a40052fda72d351c0eae0558
